date,pcpipch,inflation_yoy,lag_1_inflation,lag_2_inflation,lag_3_inflation,lag_6_inflation,lag_12_inflation,roll3_inflation_mean,roll6_inflation_mean,roll3_inflation_std,month_sin,month_cos,is_ramadan_month,is_lebaran_window,is_nataru,is_harvest_season,year,month
2010-01-01,5.1,5.1,,,,,,,,,0.49999999999999994,0.8660254037844387,0,0,1,0,2010,1
2010-02-01,5.1,5.1,5.1,,,,,,,,0.8660254037844386,0.5000000000000001,0,0,0,1,2010,2
2010-03-01,5.1,5.1,5.1,5.1,,,,5.1,,0.0,1.0,6.123233995736766e-17,1,0,0,1,2010,3
2010-04-01,5.1,5.1,5.1,5.1,5.1,,,5.1,,0.0,0.8660254037844387,-0.4999999999999998,1,1,0,0,2010,4
2010-05-01,5.1,5.1,5.1,5.1,5.1,,,5.1,,0.0,0.49999999999999994,-0.8660254037844387,0,1,0,0,2010,5
2010-06-01,5.1,5.1,5.1,5.1,5.1,,,5.1,5.1,0.0,1.2246467991473532e-16,-1.0,0,0,0,0,2010,6
2010-07-01,5.1,5.1,5.1,5.1,5.1,5.1,,5.1,5.1,0.0,-0.4999999999999997,-0.8660254037844388,0,0,0,0,2010,7
2010-08-01,5.1,5.1,5.1,5.1,5.1,5.1,,5.1,5.1,0.0,-0.8660254037844384,-0.5000000000000004,0,0,0,1,2010,8
2010-09-01,5.1,5.1,5.1,5.1,5.1,5.1,,5.1,5.1,0.0,-1.0,-1.8369701987210297e-16,0,0,0,1,2010,9
2010-10-01,5.1,5.1,5.1,5.1,5.1,5.1,,5.1,5.1,0.0,-0.8660254037844386,0.5000000000000001,0,0,0,0,2010,10
2010-11-01,5.1,5.1,5.1,5.1,5.1,5.1,,5.1,5.1,0.0,-0.5000000000000004,0.8660254037844384,0,0,0,0,2010,11
2010-12-01,5.1,5.1,5.1,5.1,5.1,5.1,,5.1,5.1,0.0,-2.4492935982947064e-16,1.0,0,0,1,0,2010,12
2011-01-01,5.3,5.3,5.1,5.1,5.1,5.1,5.1,5.166666666666667,5.133333333333334,0.11547005383792538,0.49999999999999994,0.8660254037844387,0,0,1,0,2011,1
2011-02-01,5.3,5.3,5.3,5.1,5.1,5.1,5.1,5.233333333333333,5.166666666666667,0.1154700538379257,0.8660254037844386,0.5000000000000001,0,0,0,1,2011,2
2011-03-01,5.3,5.3,5.3,5.3,5.1,5.1,5.1,5.3,5.199999999999999,0.0,1.0,6.123233995736766e-17,1,0,0,1,2011,3
2011-04-01,5.3,5.3,5.3,5.3,5.3,5.1,5.1,5.3,5.233333333333333,0.0,0.8660254037844387,-0.4999999999999998,1,1,0,0,2011,4
2011-05-01,5.3,5.3,5.3,5.3,5.3,5.1,5.1,5.3,5.266666666666667,0.0,0.49999999999999994,-0.8660254037844387,0,1,0,0,2011,5
2011-06-01,5.3,5.3,5.3,5.3,5.3,5.1,5.1,5.3,5.3,0.0,1.2246467991473532e-16,-1.0,0,0,0,0,2011,6
2011-07-01,5.3,5.3,5.3,5.3,5.3,5.3,5.1,5.3,5.3,0.0,-0.4999999999999997,-0.8660254037844388,0,0,0,0,2011,7
2011-08-01,5.3,5.3,5.3,5.3,5.3,5.3,5.1,5.3,5.3,0.0,-0.8660254037844384,-0.5000000000000004,0,0,0,1,2011,8
2011-09-01,5.3,5.3,5.3,5.3,5.3,5.3,5.1,5.3,5.3,0.0,-1.0,-1.8369701987210297e-16,0,0,0,1,2011,9
2011-10-01,5.3,5.3,5.3,5.3,5.3,5.3,5.1,5.3,5.3,0.0,-0.8660254037844386,0.5000000000000001,0,0,0,0,2011,10
2011-11-01,5.3,5.3,5.3,5.3,5.3,5.3,5.1,5.3,5.3,0.0,-0.5000000000000004,0.8660254037844384,0,0,0,0,2011,11
2011-12-01,5.3,5.3,5.3,5.3,5.3,5.3,5.1,5.3,5.3,0.0,-2.4492935982947064e-16,1.0,0,0,1,0,2011,12
2012-01-01,4.0,4.0,5.3,5.3,5.3,5.3,5.3,4.866666666666666,5.083333333333333,0.7505553499465133,0.49999999999999994,0.8660254037844387,0,0,1,0,2012,1
2012-02-01,4.0,4.0,4.0,5.3,5.3,5.3,5.3,4.433333333333334,4.866666666666666,0.750555349946513,0.8660254037844386,0.5000000000000001,0,0,0,1,2012,2
2012-03-01,4.0,4.0,4.0,4.0,5.3,5.3,5.3,4.0,4.6499999999999995,0.0,1.0,6.123233995736766e-17,1,0,0,1,2012,3
2012-04-01,4.0,4.0,4.0,4.0,4.0,5.3,5.3,4.0,4.433333333333334,0.0,0.8660254037844387,-0.4999999999999998,1,1,0,0,2012,4
2012-05-01,4.0,4.0,4.0,4.0,4.0,5.3,5.3,4.0,4.216666666666667,0.0,0.49999999999999994,-0.8660254037844387,0,1,0,0,2012,5
2012-06-01,4.0,4.0,4.0,4.0,4.0,5.3,5.3,4.0,4.0,0.0,1.2246467991473532e-16,-1.0,0,0,0,0,2012,6
2012-07-01,4.0,4.0,4.0,4.0,4.0,4.0,5.3,4.0,4.0,0.0,-0.4999999999999997,-0.8660254037844388,0,0,0,0,2012,7
2012-08-01,4.0,4.0,4.0,4.0,4.0,4.0,5.3,4.0,4.0,0.0,-0.8660254037844384,-0.5000000000000004,0,0,0,1,2012,8
2012-09-01,4.0,4.0,4.0,4.0,4.0,4.0,5.3,4.0,4.0,0.0,-1.0,-1.8369701987210297e-16,0,0,0,1,2012,9
2012-10-01,4.0,4.0,4.0,4.0,4.0,4.0,5.3,4.0,4.0,0.0,-0.8660254037844386,0.5000000000000001,0,0,0,0,2012,10
2012-11-01,4.0,4.0,4.0,4.0,4.0,4.0,5.3,4.0,4.0,0.0,-0.5000000000000004,0.8660254037844384,0,0,0,0,2012,11
2012-12-01,4.0,4.0,4.0,4.0,4.0,4.0,5.3,4.0,4.0,0.0,-2.4492935982947064e-16,1.0,0,0,1,0,2012,12
2013-01-01,6.4,6.4,4.0,4.0,4.0,4.0,4.0,4.8,4.3999999999999995,1.385640646055102,0.49999999999999994,0.8660254037844387,0,0,1,0,2013,1
2013-02-01,6.4,6.4,6.4,4.0,4.0,4.0,4.0,5.6000000000000005,4.8,1.3856406460551025,0.8660254037844386,0.5000000000000001,0,0,0,1,2013,2
2013-03-01,6.4,6.4,6.4,6.4,4.0,4.0,4.0,6.4,5.2,0.0,1.0,6.123233995736766e-17,1,0,0,1,2013,3
2013-04-01,6.4,6.4,6.4,6.4,6.4,4.0,4.0,6.4,5.6000000000000005,0.0,0.8660254037844387,-0.4999999999999998,1,1,0,0,2013,4
2013-05-01,6.4,6.4,6.4,6.4,6.4,4.0,4.0,6.4,6.0,0.0,0.49999999999999994,-0.8660254037844387,0,1,0,0,2013,5
2013-06-01,6.4,6.4,6.4,6.4,6.4,4.0,4.0,6.4,6.4,0.0,1.2246467991473532e-16,-1.0,0,0,0,0,2013,6
2013-07-01,6.4,6.4,6.4,6.4,6.4,6.4,4.0,6.4,6.4,0.0,-0.4999999999999997,-0.8660254037844388,0,0,0,0,2013,7
2013-08-01,6.4,6.4,6.4,6.4,6.4,6.4,4.0,6.4,6.4,0.0,-0.8660254037844384,-0.5000000000000004,0,0,0,1,2013,8
2013-09-01,6.4,6.4,6.4,6.4,6.4,6.4,4.0,6.4,6.4,0.0,-1.0,-1.8369701987210297e-16,0,0,0,1,2013,9
2013-10-01,6.4,6.4,6.4,6.4,6.4,6.4,4.0,6.4,6.4,0.0,-0.8660254037844386,0.5000000000000001,0,0,0,0,2013,10
2013-11-01,6.4,6.4,6.4,6.4,6.4,6.4,4.0,6.4,6.4,0.0,-0.5000000000000004,0.8660254037844384,0,0,0,0,2013,11
2013-12-01,6.4,6.4,6.4,6.4,6.4,6.4,4.0,6.4,6.4,0.0,-2.4492935982947064e-16,1.0,0,0,1,0,2013,12
2014-01-01,6.4,6.4,6.4,6.4,6.4,6.4,6.4,6.4,6.4,0.0,0.49999999999999994,0.8660254037844387,0,0,1,0,2014,1
2014-02-01,6.4,6.4,6.4,6.4,6.4,6.4,6.4,6.4,6.4,0.0,0.8660254037844386,0.5000000000000001,0,0,0,1,2014,2
2014-03-01,6.4,6.4,6.4,6.4,6.4,6.4,6.4,6.4,6.4,0.0,1.0,6.123233995736766e-17,1,0,0,1,2014,3
2014-04-01,6.4,6.4,6.4,6.4,6.4,6.4,6.4,6.4,6.4,0.0,0.8660254037844387,-0.4999999999999998,1,1,0,0,2014,4
2014-05-01,6.4,6.4,6.4,6.4,6.4,6.4,6.4,6.4,6.4,0.0,0.49999999999999994,-0.8660254037844387,0,1,0,0,2014,5
2014-06-01,6.4,6.4,6.4,6.4,6.4,6.4,6.4,6.4,6.4,0.0,1.2246467991473532e-16,-1.0,0,0,0,0,2014,6
2014-07-01,6.4,6.4,6.4,6.4,6.4,6.4,6.4,6.4,6.4,0.0,-0.4999999999999997,-0.8660254037844388,0,0,0,0,2014,7
2014-08-01,6.4,6.4,6.4,6.4,6.4,6.4,6.4,6.4,6.4,0.0,-0.8660254037844384,-0.5000000000000004,0,0,0,1,2014,8
2014-09-01,6.4,6.4,6.4,6.4,6.4,6.4,6.4,6.4,6.4,0.0,-1.0,-1.8369701987210297e-16,0,0,0,1,2014,9
2014-10-01,6.4,6.4,6.4,6.4,6.4,6.4,6.4,6.4,6.4,0.0,-0.8660254037844386,0.5000000000000001,0,0,0,0,2014,10
2014-11-01,6.4,6.4,6.4,6.4,6.4,6.4,6.4,6.4,6.4,0.0,-0.5000000000000004,0.8660254037844384,0,0,0,0,2014,11
2014-12-01,6.4,6.4,6.4,6.4,6.4,6.4,6.4,6.4,6.4,0.0,-2.4492935982947064e-16,1.0,0,0,1,0,2014,12
2015-01-01,6.4,6.4,6.4,6.4,6.4,6.4,6.4,6.4,6.4,0.0,0.49999999999999994,0.8660254037844387,0,0,1,0,2015,1
2015-02-01,6.4,6.4,6.4,6.4,6.4,6.4,6.4,6.4,6.4,0.0,0.8660254037844386,0.5000000000000001,0,0,0,1,2015,2
2015-03-01,6.4,6.4,6.4,6.4,6.4,6.4,6.4,6.4,6.4,0.0,1.0,6.123233995736766e-17,1,0,0,1,2015,3
2015-04-01,6.4,6.4,6.4,6.4,6.4,6.4,6.4,6.4,6.4,0.0,0.8660254037844387,-0.4999999999999998,1,1,0,0,2015,4
2015-05-01,6.4,6.4,6.4,6.4,6.4,6.4,6.4,6.4,6.4,0.0,0.49999999999999994,-0.8660254037844387,0,1,0,0,2015,5
2015-06-01,6.4,6.4,6.4,6.4,6.4,6.4,6.4,6.4,6.4,0.0,1.2246467991473532e-16,-1.0,0,0,0,0,2015,6
2015-07-01,6.4,6.4,6.4,6.4,6.4,6.4,6.4,6.4,6.4,0.0,-0.4999999999999997,-0.8660254037844388,0,0,0,0,2015,7
2015-08-01,6.4,6.4,6.4,6.4,6.4,6.4,6.4,6.4,6.4,0.0,-0.8660254037844384,-0.5000000000000004,0,0,0,1,2015,8
2015-09-01,6.4,6.4,6.4,6.4,6.4,6.4,6.4,6.4,6.4,0.0,-1.0,-1.8369701987210297e-16,0,0,0,1,2015,9
2015-10-01,6.4,6.4,6.4,6.4,6.4,6.4,6.4,6.4,6.4,0.0,-0.8660254037844386,0.5000000000000001,0,0,0,0,2015,10
2015-11-01,6.4,6.4,6.4,6.4,6.4,6.4,6.4,6.4,6.4,0.0,-0.5000000000000004,0.8660254037844384,0,0,0,0,2015,11
2015-12-01,6.4,6.4,6.4,6.4,6.4,6.4,6.4,6.4,6.4,0.0,-2.4492935982947064e-16,1.0,0,0,1,0,2015,12
2016-01-01,3.5,3.5,6.4,6.4,6.4,6.4,6.4,5.433333333333334,5.916666666666667,1.674315780649915,0.49999999999999994,0.8660254037844387,0,0,1,0,2016,1
2016-02-01,3.5,3.5,3.5,6.4,6.4,6.4,6.4,4.466666666666667,5.433333333333334,1.674315780649915,0.8660254037844386,0.5000000000000001,0,0,0,1,2016,2
2016-03-01,3.5,3.5,3.5,3.5,6.4,6.4,6.4,3.5,4.95,0.0,1.0,6.123233995736766e-17,1,0,0,1,2016,3
2016-04-01,3.5,3.5,3.5,3.5,3.5,6.4,6.4,3.5,4.466666666666667,0.0,0.8660254037844387,-0.4999999999999998,1,1,0,0,2016,4
2016-05-01,3.5,3.5,3.5,3.5,3.5,6.4,6.4,3.5,3.983333333333333,0.0,0.49999999999999994,-0.8660254037844387,0,1,0,0,2016,5
2016-06-01,3.5,3.5,3.5,3.5,3.5,6.4,6.4,3.5,3.5,0.0,1.2246467991473532e-16,-1.0,0,0,0,0,2016,6
2016-07-01,3.5,3.5,3.5,3.5,3.5,3.5,6.4,3.5,3.5,0.0,-0.4999999999999997,-0.8660254037844388,0,0,0,0,2016,7
2016-08-01,3.5,3.5,3.5,3.5,3.5,3.5,6.4,3.5,3.5,0.0,-0.8660254037844384,-0.5000000000000004,0,0,0,1,2016,8
2016-09-01,3.5,3.5,3.5,3.5,3.5,3.5,6.4,3.5,3.5,0.0,-1.0,-1.8369701987210297e-16,0,0,0,1,2016,9
2016-10-01,3.5,3.5,3.5,3.5,3.5,3.5,6.4,3.5,3.5,0.0,-0.8660254037844386,0.5000000000000001,0,0,0,0,2016,10
2016-11-01,3.5,3.5,3.5,3.5,3.5,3.5,6.4,3.5,3.5,0.0,-0.5000000000000004,0.8660254037844384,0,0,0,0,2016,11
2016-12-01,3.5,3.5,3.5,3.5,3.5,3.5,6.4,3.5,3.5,0.0,-2.4492935982947064e-16,1.0,0,0,1,0,2016,12
2017-01-01,3.8,3.8,3.5,3.5,3.5,3.5,3.5,3.6,3.5500000000000003,0.17320508075688756,0.49999999999999994,0.8660254037844387,0,0,1,0,2017,1
2017-02-01,3.8,3.8,3.8,3.5,3.5,3.5,3.5,3.6999999999999997,3.6,0.17320508075688734,0.8660254037844386,0.5000000000000001,0,0,0,1,2017,2
2017-03-01,3.8,3.8,3.8,3.8,3.5,3.5,3.5,3.8,3.65,0.0,1.0,6.123233995736766e-17,1,0,0,1,2017,3
2017-04-01,3.8,3.8,3.8,3.8,3.8,3.5,3.5,3.8,3.6999999999999997,0.0,0.8660254037844387,-0.4999999999999998,1,1,0,0,2017,4
2017-05-01,3.8,3.8,3.8,3.8,3.8,3.5,3.5,3.8,3.75,0.0,0.49999999999999994,-0.8660254037844387,0,1,0,0,2017,5
2017-06-01,3.8,3.8,3.8,3.8,3.8,3.5,3.5,3.8,3.8,0.0,1.2246467991473532e-16,-1.0,0,0,0,0,2017,6
2017-07-01,3.8,3.8,3.8,3.8,3.8,3.8,3.5,3.8,3.8,0.0,-0.4999999999999997,-0.8660254037844388,0,0,0,0,2017,7
2017-08-01,3.8,3.8,3.8,3.8,3.8,3.8,3.5,3.8,3.8,0.0,-0.8660254037844384,-0.5000000000000004,0,0,0,1,2017,8
2017-09-01,3.8,3.8,3.8,3.8,3.8,3.8,3.5,3.8,3.8,0.0,-1.0,-1.8369701987210297e-16,0,0,0,1,2017,9
2017-10-01,3.8,3.8,3.8,3.8,3.8,3.8,3.5,3.8,3.8,0.0,-0.8660254037844386,0.5000000000000001,0,0,0,0,2017,10
2017-11-01,3.8,3.8,3.8,3.8,3.8,3.8,3.5,3.8,3.8,0.0,-0.5000000000000004,0.8660254037844384,0,0,0,0,2017,11
2017-12-01,3.8,3.8,3.8,3.8,3.8,3.8,3.5,3.8,3.8,0.0,-2.4492935982947064e-16,1.0,0,0,1,0,2017,12
2018-01-01,3.3,3.3,3.8,3.8,3.8,3.8,3.8,3.633333333333333,3.716666666666667,0.2886751345948129,0.49999999999999994,0.8660254037844387,0,0,1,0,2018,1
2018-02-01,3.3,3.3,3.3,3.8,3.8,3.8,3.8,3.4666666666666663,3.633333333333333,0.2886751345948129,0.8660254037844386,0.5000000000000001,0,0,0,1,2018,2
2018-03-01,3.3,3.3,3.3,3.3,3.8,3.8,3.8,3.3,3.5499999999999994,0.0,1.0,6.123233995736766e-17,1,0,0,1,2018,3
2018-04-01,3.3,3.3,3.3,3.3,3.3,3.8,3.8,3.3,3.466666666666667,0.0,0.8660254037844387,-0.4999999999999998,1,1,0,0,2018,4
2018-05-01,3.3,3.3,3.3,3.3,3.3,3.8,3.8,3.3,3.3833333333333333,0.0,0.49999999999999994,-0.8660254037844387,0,1,0,0,2018,5
2018-06-01,3.3,3.3,3.3,3.3,3.3,3.8,3.8,3.3,3.3,0.0,1.2246467991473532e-16,-1.0,0,0,0,0,2018,6
2018-07-01,3.3,3.3,3.3,3.3,3.3,3.3,3.8,3.3,3.3,0.0,-0.4999999999999997,-0.8660254037844388,0,0,0,0,2018,7
2018-08-01,3.3,3.3,3.3,3.3,3.3,3.3,3.8,3.3,3.3,0.0,-0.8660254037844384,-0.5000000000000004,0,0,0,1,2018,8
2018-09-01,3.3,3.3,3.3,3.3,3.3,3.3,3.8,3.3,3.3,0.0,-1.0,-1.8369701987210297e-16,0,0,0,1,2018,9
2018-10-01,3.3,3.3,3.3,3.3,3.3,3.3,3.8,3.3,3.3,0.0,-0.8660254037844386,0.5000000000000001,0,0,0,0,2018,10
2018-11-01,3.3,3.3,3.3,3.3,3.3,3.3,3.8,3.3,3.3,0.0,-0.5000000000000004,0.8660254037844384,0,0,0,0,2018,11
2018-12-01,3.3,3.3,3.3,3.3,3.3,3.3,3.8,3.3,3.3,0.0,-2.4492935982947064e-16,1.0,0,0,1,0,2018,12
2019-01-01,2.8,2.8,3.3,3.3,3.3,3.3,3.3,3.133333333333333,3.216666666666667,0.2886751345948129,0.49999999999999994,0.8660254037844387,0,0,1,0,2019,1
2019-02-01,2.8,2.8,2.8,3.3,3.3,3.3,3.3,2.9666666666666663,3.133333333333333,0.2886751345948129,0.8660254037844386,0.5000000000000001,0,0,0,1,2019,2
2019-03-01,2.8,2.8,2.8,2.8,3.3,3.3,3.3,2.8,3.0499999999999994,0.0,1.0,6.123233995736766e-17,1,0,0,1,2019,3
2019-04-01,2.8,2.8,2.8,2.8,2.8,3.3,3.3,2.8,2.9666666666666663,0.0,0.8660254037844387,-0.4999999999999998,1,1,0,0,2019,4
2019-05-01,2.8,2.8,2.8,2.8,2.8,3.3,3.3,2.8,2.883333333333333,0.0,0.49999999999999994,-0.8660254037844387,0,1,0,0,2019,5
2019-06-01,2.8,2.8,2.8,2.8,2.8,3.3,3.3,2.8,2.8,0.0,1.2246467991473532e-16,-1.0,0,0,0,0,2019,6
2019-07-01,2.8,2.8,2.8,2.8,2.8,2.8,3.3,2.8,2.8,0.0,-0.4999999999999997,-0.8660254037844388,0,0,0,0,2019,7
2019-08-01,2.8,2.8,2.8,2.8,2.8,2.8,3.3,2.8,2.8,0.0,-0.8660254037844384,-0.5000000000000004,0,0,0,1,2019,8
2019-09-01,2.8,2.8,2.8,2.8,2.8,2.8,3.3,2.8,2.8,0.0,-1.0,-1.8369701987210297e-16,0,0,0,1,2019,9
2019-10-01,2.8,2.8,2.8,2.8,2.8,2.8,3.3,2.8,2.8,0.0,-0.8660254037844386,0.5000000000000001,0,0,0,0,2019,10
2019-11-01,2.8,2.8,2.8,2.8,2.8,2.8,3.3,2.8,2.8,0.0,-0.5000000000000004,0.8660254037844384,0,0,0,0,2019,11
2019-12-01,2.8,2.8,2.8,2.8,2.8,2.8,3.3,2.8,2.8,0.0,-2.4492935982947064e-16,1.0,0,0,1,0,2019,12
2020-01-01,2.0,2.0,2.8,2.8,2.8,2.8,2.8,2.533333333333333,2.6666666666666665,0.4618802153517005,0.49999999999999994,0.8660254037844387,0,0,1,0,2020,1
2020-02-01,2.0,2.0,2.0,2.8,2.8,2.8,2.8,2.2666666666666666,2.533333333333333,0.4618802153517005,0.8660254037844386,0.5000000000000001,0,0,0,1,2020,2
2020-03-01,2.0,2.0,2.0,2.0,2.8,2.8,2.8,2.0,2.4,0.0,1.0,6.123233995736766e-17,1,0,0,1,2020,3
2020-04-01,2.0,2.0,2.0,2.0,2.0,2.8,2.8,2.0,2.2666666666666666,0.0,0.8660254037844387,-0.4999999999999998,1,1,0,0,2020,4
2020-05-01,2.0,2.0,2.0,2.0,2.0,2.8,2.8,2.0,2.1333333333333333,0.0,0.49999999999999994,-0.8660254037844387,0,1,0,0,2020,5
2020-06-01,2.0,2.0,2.0,2.0,2.0,2.8,2.8,2.0,2.0,0.0,1.2246467991473532e-16,-1.0,0,0,0,0,2020,6
2020-07-01,2.0,2.0,2.0,2.0,2.0,2.0,2.8,2.0,2.0,0.0,-0.4999999999999997,-0.8660254037844388,0,0,0,0,2020,7
2020-08-01,2.0,2.0,2.0,2.0,2.0,2.0,2.8,2.0,2.0,0.0,-0.8660254037844384,-0.5000000000000004,0,0,0,1,2020,8
2020-09-01,2.0,2.0,2.0,2.0,2.0,2.0,2.8,2.0,2.0,0.0,-1.0,-1.8369701987210297e-16,0,0,0,1,2020,9
2020-10-01,2.0,2.0,2.0,2.0,2.0,2.0,2.8,2.0,2.0,0.0,-0.8660254037844386,0.5000000000000001,0,0,0,0,2020,10
2020-11-01,2.0,2.0,2.0,2.0,2.0,2.0,2.8,2.0,2.0,0.0,-0.5000000000000004,0.8660254037844384,0,0,0,0,2020,11
2020-12-01,2.0,2.0,2.0,2.0,2.0,2.0,2.8,2.0,2.0,0.0,-2.4492935982947064e-16,1.0,0,0,1,0,2020,12
2021-01-01,1.6,1.6,2.0,2.0,2.0,2.0,2.0,1.8666666666666665,1.9333333333333333,0.23094010767585024,0.49999999999999994,0.8660254037844387,0,0,1,0,2021,1
2021-02-01,1.6,1.6,1.6,2.0,2.0,2.0,2.0,1.7333333333333334,1.8666666666666665,0.23094010767585024,0.8660254037844386,0.5000000000000001,0,0,0,1,2021,2
2021-03-01,1.6,1.6,1.6,1.6,2.0,2.0,2.0,1.6,1.8,0.0,1.0,6.123233995736766e-17,1,0,0,1,2021,3
2021-04-01,1.6,1.6,1.6,1.6,1.6,2.0,2.0,1.6,1.7333333333333334,0.0,0.8660254037844387,-0.4999999999999998,1,1,0,0,2021,4
2021-05-01,1.6,1.6,1.6,1.6,1.6,2.0,2.0,1.6,1.6666666666666667,0.0,0.49999999999999994,-0.8660254037844387,0,1,0,0,2021,5
2021-06-01,1.6,1.6,1.6,1.6,1.6,2.0,2.0,1.6,1.6,0.0,1.2246467991473532e-16,-1.0,0,0,0,0,2021,6
2021-07-01,1.6,1.6,1.6,1.6,1.6,1.6,2.0,1.6,1.6,0.0,-0.4999999999999997,-0.8660254037844388,0,0,0,0,2021,7
2021-08-01,1.6,1.6,1.6,1.6,1.6,1.6,2.0,1.6,1.6,0.0,-0.8660254037844384,-0.5000000000000004,0,0,0,1,2021,8
2021-09-01,1.6,1.6,1.6,1.6,1.6,1.6,2.0,1.6,1.6,0.0,-1.0,-1.8369701987210297e-16,0,0,0,1,2021,9
2021-10-01,1.6,1.6,1.6,1.6,1.6,1.6,2.0,1.6,1.6,0.0,-0.8660254037844386,0.5000000000000001,0,0,0,0,2021,10
2021-11-01,1.6,1.6,1.6,1.6,1.6,1.6,2.0,1.6,1.6,0.0,-0.5000000000000004,0.8660254037844384,0,0,0,0,2021,11
2021-12-01,1.6,1.6,1.6,1.6,1.6,1.6,2.0,1.6,1.6,0.0,-2.4492935982947064e-16,1.0,0,0,1,0,2021,12
2022-01-01,4.1,4.1,1.6,1.6,1.6,1.6,1.6,2.4333333333333336,2.0166666666666666,1.443375672974064,0.49999999999999994,0.8660254037844387,0,0,1,0,2022,1
2022-02-01,4.1,4.1,4.1,1.6,1.6,1.6,1.6,3.266666666666667,2.433333333333333,1.4433756729740643,0.8660254037844386,0.5000000000000001,0,0,0,1,2022,2
2022-03-01,4.1,4.1,4.1,4.1,1.6,1.6,1.6,4.1,2.85,0.0,1.0,6.123233995736766e-17,1,0,0,1,2022,3
2022-04-01,4.1,4.1,4.1,4.1,4.1,1.6,1.6,4.1,3.266666666666666,0.0,0.8660254037844387,-0.4999999999999998,1,1,0,0,2022,4
2022-05-01,4.1,4.1,4.1,4.1,4.1,1.6,1.6,4.1,3.6833333333333336,0.0,0.49999999999999994,-0.8660254037844387,0,1,0,0,2022,5
2022-06-01,4.1,4.1,4.1,4.1,4.1,1.6,1.6,4.1,4.1,0.0,1.2246467991473532e-16,-1.0,0,0,0,0,2022,6
2022-07-01,4.1,4.1,4.1,4.1,4.1,4.1,1.6,4.1,4.1,0.0,-0.4999999999999997,-0.8660254037844388,0,0,0,0,2022,7
2022-08-01,4.1,4.1,4.1,4.1,4.1,4.1,1.6,4.1,4.1,0.0,-0.8660254037844384,-0.5000000000000004,0,0,0,1,2022,8
2022-09-01,4.1,4.1,4.1,4.1,4.1,4.1,1.6,4.1,4.1,0.0,-1.0,-1.8369701987210297e-16,0,0,0,1,2022,9
2022-10-01,4.1,4.1,4.1,4.1,4.1,4.1,1.6,4.1,4.1,0.0,-0.8660254037844386,0.5000000000000001,0,0,0,0,2022,10
2022-11-01,4.1,4.1,4.1,4.1,4.1,4.1,1.6,4.1,4.1,0.0,-0.5000000000000004,0.8660254037844384,0,0,0,0,2022,11
2022-12-01,4.1,4.1,4.1,4.1,4.1,4.1,1.6,4.1,4.1,0.0,-2.4492935982947064e-16,1.0,0,0,1,0,2022,12
2023-01-01,3.7,3.7,4.1,4.1,4.1,4.1,4.1,3.9666666666666663,4.033333333333333,0.23094010767584994,0.49999999999999994,0.8660254037844387,0,0,1,0,2023,1
2023-02-01,3.7,3.7,3.7,4.1,4.1,4.1,4.1,3.8333333333333335,3.9666666666666663,0.23094010767584972,0.8660254037844386,0.5000000000000001,0,0,0,1,2023,2
2023-03-01,3.7,3.7,3.7,3.7,4.1,4.1,4.1,3.7,3.9,0.0,1.0,6.123233995736766e-17,1,0,0,1,2023,3
2023-04-01,3.7,3.7,3.7,3.7,3.7,4.1,4.1,3.7,3.8333333333333335,0.0,0.8660254037844387,-0.4999999999999998,1,1,0,0,2023,4
2023-05-01,3.7,3.7,3.7,3.7,3.7,4.1,4.1,3.7,3.766666666666666,0.0,0.49999999999999994,-0.8660254037844387,0,1,0,0,2023,5
2023-06-01,3.7,3.7,3.7,3.7,3.7,4.1,4.1,3.7,3.7,0.0,1.2246467991473532e-16,-1.0,0,0,0,0,2023,6
2023-07-01,3.7,3.7,3.7,3.7,3.7,3.7,4.1,3.7,3.7,0.0,-0.4999999999999997,-0.8660254037844388,0,0,0,0,2023,7
2023-08-01,3.7,3.7,3.7,3.7,3.7,3.7,4.1,3.7,3.7,0.0,-0.8660254037844384,-0.5000000000000004,0,0,0,1,2023,8
2023-09-01,3.7,3.7,3.7,3.7,3.7,3.7,4.1,3.7,3.7,0.0,-1.0,-1.8369701987210297e-16,0,0,0,1,2023,9
2023-10-01,3.7,3.7,3.7,3.7,3.7,3.7,4.1,3.7,3.7,0.0,-0.8660254037844386,0.5000000000000001,0,0,0,0,2023,10
2023-11-01,3.7,3.7,3.7,3.7,3.7,3.7,4.1,3.7,3.7,0.0,-0.5000000000000004,0.8660254037844384,0,0,0,0,2023,11
2023-12-01,3.7,3.7,3.7,3.7,3.7,3.7,4.1,3.7,3.7,0.0,-2.4492935982947064e-16,1.0,0,0,1,0,2023,12
2024-01-01,2.3,2.3,3.7,3.7,3.7,3.7,3.7,3.233333333333334,3.466666666666667,0.8082903768654762,0.49999999999999994,0.8660254037844387,0,0,1,0,2024,1
2024-02-01,2.3,2.3,2.3,3.7,3.7,3.7,3.7,2.766666666666667,3.233333333333333,0.8082903768654762,0.8660254037844386,0.5000000000000001,0,0,0,1,2024,2
2024-03-01,2.3,2.3,2.3,2.3,3.7,3.7,3.7,2.3,3.0,0.0,1.0,6.123233995736766e-17,1,0,0,1,2024,3
2024-04-01,2.3,2.3,2.3,2.3,2.3,3.7,3.7,2.3,2.766666666666667,0.0,0.8660254037844387,-0.4999999999999998,1,1,0,0,2024,4
2024-05-01,2.3,2.3,2.3,2.3,2.3,3.7,3.7,2.3,2.533333333333333,0.0,0.49999999999999994,-0.8660254037844387,0,1,0,0,2024,5
2024-06-01,2.3,2.3,2.3,2.3,2.3,3.7,3.7,2.3,2.3,0.0,1.2246467991473532e-16,-1.0,0,0,0,0,2024,6
2024-07-01,2.3,2.3,2.3,2.3,2.3,2.3,3.7,2.3,2.3,0.0,-0.4999999999999997,-0.8660254037844388,0,0,0,0,2024,7
2024-08-01,2.3,2.3,2.3,2.3,2.3,2.3,3.7,2.3,2.3,0.0,-0.8660254037844384,-0.5000000000000004,0,0,0,1,2024,8
2024-09-01,2.3,2.3,2.3,2.3,2.3,2.3,3.7,2.3,2.3,0.0,-1.0,-1.8369701987210297e-16,0,0,0,1,2024,9
2024-10-01,2.3,2.3,2.3,2.3,2.3,2.3,3.7,2.3,2.3,0.0,-0.8660254037844386,0.5000000000000001,0,0,0,0,2024,10
2024-11-01,2.3,2.3,2.3,2.3,2.3,2.3,3.7,2.3,2.3,0.0,-0.5000000000000004,0.8660254037844384,0,0,0,0,2024,11
2024-12-01,2.3,2.3,2.3,2.3,2.3,2.3,3.7,2.3,2.3,0.0,-2.4492935982947064e-16,1.0,0,0,1,0,2024,12
2025-01-01,1.9,1.9,2.3,2.3,2.3,2.3,2.3,2.1666666666666665,2.2333333333333334,0.23094010767585024,0.49999999999999994,0.8660254037844387,0,0,1,0,2025,1
2025-02-01,1.9,1.9,1.9,2.3,2.3,2.3,2.3,2.0333333333333337,2.1666666666666665,0.2309401076758502,0.8660254037844386,0.5000000000000001,0,0,0,1,2025,2
2025-03-01,1.9,1.9,1.9,1.9,2.3,2.3,2.3,1.9,2.0999999999999996,0.0,1.0,6.123233995736766e-17,1,0,0,1,2025,3
2025-04-01,1.9,1.9,1.9,1.9,1.9,2.3,2.3,1.9,2.033333333333333,0.0,0.8660254037844387,-0.4999999999999998,1,1,0,0,2025,4
2025-05-01,1.9,1.9,1.9,1.9,1.9,2.3,2.3,1.9,1.9666666666666666,0.0,0.49999999999999994,-0.8660254037844387,0,1,0,0,2025,5
2025-06-01,1.9,1.9,1.9,1.9,1.9,2.3,2.3,1.9,1.9,0.0,1.2246467991473532e-16,-1.0,0,0,0,0,2025,6
2025-07-01,1.9,1.9,1.9,1.9,1.9,1.9,2.3,1.9,1.9,0.0,-0.4999999999999997,-0.8660254037844388,0,0,0,0,2025,7
2025-08-01,1.9,1.9,1.9,1.9,1.9,1.9,2.3,1.9,1.9,0.0,-0.8660254037844384,-0.5000000000000004,0,0,0,1,2025,8
2025-09-01,1.9,1.9,1.9,1.9,1.9,1.9,2.3,1.9,1.9,0.0,-1.0,-1.8369701987210297e-16,0,0,0,1,2025,9
2025-10-01,1.9,1.9,1.9,1.9,1.9,1.9,2.3,1.9,1.9,0.0,-0.8660254037844386,0.5000000000000001,0,0,0,0,2025,10
2025-11-01,1.9,1.9,1.9,1.9,1.9,1.9,2.3,1.9,1.9,0.0,-0.5000000000000004,0.8660254037844384,0,0,0,0,2025,11
2025-12-01,1.9,1.9,1.9,1.9,1.9,1.9,2.3,1.9,1.9,0.0,-2.4492935982947064e-16,1.0,0,0,1,0,2025,12
2026-01-01,3.0,3.0,1.9,1.9,1.9,1.9,1.9,2.266666666666667,2.0833333333333335,0.6350852961085883,0.49999999999999994,0.8660254037844387,0,0,1,0,2026,1
2026-02-01,3.0,3.0,3.0,1.9,1.9,1.9,1.9,2.6333333333333333,2.2666666666666666,0.6350852961085883,0.8660254037844386,0.5000000000000001,0,0,0,1,2026,2
2026-03-01,3.0,3.0,3.0,3.0,1.9,1.9,1.9,3.0,2.4499999999999997,0.0,1.0,6.123233995736766e-17,1,0,0,1,2026,3
2026-04-01,3.0,3.0,3.0,3.0,3.0,1.9,1.9,3.0,2.6333333333333333,0.0,0.8660254037844387,-0.4999999999999998,1,1,0,0,2026,4
2026-05-01,3.0,3.0,3.0,3.0,3.0,1.9,1.9,3.0,2.8166666666666664,0.0,0.49999999999999994,-0.8660254037844387,0,1,0,0,2026,5
2026-06-01,3.0,3.0,3.0,3.0,3.0,1.9,1.9,3.0,3.0,0.0,1.2246467991473532e-16,-1.0,0,0,0,0,2026,6
2026-07-01,3.0,3.0,3.0,3.0,3.0,3.0,1.9,3.0,3.0,0.0,-0.4999999999999997,-0.8660254037844388,0,0,0,0,2026,7
2026-08-01,3.0,3.0,3.0,3.0,3.0,3.0,1.9,3.0,3.0,0.0,-0.8660254037844384,-0.5000000000000004,0,0,0,1,2026,8
2026-09-01,3.0,3.0,3.0,3.0,3.0,3.0,1.9,3.0,3.0,0.0,-1.0,-1.8369701987210297e-16,0,0,0,1,2026,9
2026-10-01,3.0,3.0,3.0,3.0,3.0,3.0,1.9,3.0,3.0,0.0,-0.8660254037844386,0.5000000000000001,0,0,0,0,2026,10
2026-11-01,3.0,3.0,3.0,3.0,3.0,3.0,1.9,3.0,3.0,0.0,-0.5000000000000004,0.8660254037844384,0,0,0,0,2026,11
2026-12-01,3.0,3.0,3.0,3.0,3.0,3.0,1.9,3.0,3.0,0.0,-2.4492935982947064e-16,1.0,0,0,1,0,2026,12
2027-01-01,2.6,2.6,3.0,3.0,3.0,3.0,3.0,2.866666666666667,2.9333333333333336,0.23094010767585024,0.49999999999999994,0.8660254037844387,0,0,1,0,2027,1
2027-02-01,2.6,2.6,2.6,3.0,3.0,3.0,3.0,2.733333333333334,2.8666666666666667,0.2309401076758502,0.8660254037844386,0.5000000000000001,0,0,0,1,2027,2
2027-03-01,2.6,2.6,2.6,2.6,3.0,3.0,3.0,2.6,2.8000000000000003,0.0,1.0,6.123233995736766e-17,1,0,0,1,2027,3
2027-04-01,2.6,2.6,2.6,2.6,2.6,3.0,3.0,2.6,2.733333333333333,0.0,0.8660254037844387,-0.4999999999999998,1,1,0,0,2027,4
2027-05-01,2.6,2.6,2.6,2.6,2.6,3.0,3.0,2.6,2.6666666666666665,0.0,0.49999999999999994,-0.8660254037844387,0,1,0,0,2027,5
2027-06-01,2.6,2.6,2.6,2.6,2.6,3.0,3.0,2.6,2.6,0.0,1.2246467991473532e-16,-1.0,0,0,0,0,2027,6
2027-07-01,2.6,2.6,2.6,2.6,2.6,2.6,3.0,2.6,2.6,0.0,-0.4999999999999997,-0.8660254037844388,0,0,0,0,2027,7
2027-08-01,2.6,2.6,2.6,2.6,2.6,2.6,3.0,2.6,2.6,0.0,-0.8660254037844384,-0.5000000000000004,0,0,0,1,2027,8
2027-09-01,2.6,2.6,2.6,2.6,2.6,2.6,3.0,2.6,2.6,0.0,-1.0,-1.8369701987210297e-16,0,0,0,1,2027,9
2027-10-01,2.6,2.6,2.6,2.6,2.6,2.6,3.0,2.6,2.6,0.0,-0.8660254037844386,0.5000000000000001,0,0,0,0,2027,10
2027-11-01,2.6,2.6,2.6,2.6,2.6,2.6,3.0,2.6,2.6,0.0,-0.5000000000000004,0.8660254037844384,0,0,0,0,2027,11
2027-12-01,2.6,2.6,2.6,2.6,2.6,2.6,3.0,2.6,2.6,0.0,-2.4492935982947064e-16,1.0,0,0,1,0,2027,12
2028-01-01,2.5,2.5,2.6,2.6,2.6,2.6,2.6,2.566666666666667,2.5833333333333335,0.05773502691896269,0.49999999999999994,0.8660254037844387,0,0,1,0,2028,1
2028-02-01,2.5,2.5,2.5,2.6,2.6,2.6,2.6,2.5333333333333337,2.566666666666667,0.05773502691896285,0.8660254037844386,0.5000000000000001,0,0,0,1,2028,2
2028-03-01,2.5,2.5,2.5,2.5,2.6,2.6,2.6,2.5,2.5500000000000003,0.0,1.0,6.123233995736766e-17,1,0,0,1,2028,3
2028-04-01,2.5,2.5,2.5,2.5,2.5,2.6,2.6,2.5,2.533333333333333,0.0,0.8660254037844387,-0.4999999999999998,1,1,0,0,2028,4
2028-05-01,2.5,2.5,2.5,2.5,2.5,2.6,2.6,2.5,2.5166666666666666,0.0,0.49999999999999994,-0.8660254037844387,0,1,0,0,2028,5
2028-06-01,2.5,2.5,2.5,2.5,2.5,2.6,2.6,2.5,2.5,0.0,1.2246467991473532e-16,-1.0,0,0,0,0,2028,6
2028-07-01,2.5,2.5,2.5,2.5,2.5,2.5,2.6,2.5,2.5,0.0,-0.4999999999999997,-0.8660254037844388,0,0,0,0,2028,7
2028-08-01,2.5,2.5,2.5,2.5,2.5,2.5,2.6,2.5,2.5,0.0,-0.8660254037844384,-0.5000000000000004,0,0,0,1,2028,8
2028-09-01,2.5,2.5,2.5,2.5,2.5,2.5,2.6,2.5,2.5,0.0,-1.0,-1.8369701987210297e-16,0,0,0,1,2028,9
2028-10-01,2.5,2.5,2.5,2.5,2.5,2.5,2.6,2.5,2.5,0.0,-0.8660254037844386,0.5000000000000001,0,0,0,0,2028,10
2028-11-01,2.5,2.5,2.5,2.5,2.5,2.5,2.6,2.5,2.5,0.0,-0.5000000000000004,0.8660254037844384,0,0,0,0,2028,11
2028-12-01,2.5,2.5,2.5,2.5,2.5,2.5,2.6,2.5,2.5,0.0,-2.4492935982947064e-16,1.0,0,0,1,0,2028,12
2029-01-01,2.5,2.5,2.5,2.5,2.5,2.5,2.5,2.5,2.5,0.0,0.49999999999999994,0.8660254037844387,0,0,1,0,2029,1
2029-02-01,2.5,2.5,2.5,2.5,2.5,2.5,2.5,2.5,2.5,0.0,0.8660254037844386,0.5000000000000001,0,0,0,1,2029,2
2029-03-01,2.5,2.5,2.5,2.5,2.5,2.5,2.5,2.5,2.5,0.0,1.0,6.123233995736766e-17,1,0,0,1,2029,3
2029-04-01,2.5,2.5,2.5,2.5,2.5,2.5,2.5,2.5,2.5,0.0,0.8660254037844387,-0.4999999999999998,1,1,0,0,2029,4
2029-05-01,2.5,2.5,2.5,2.5,2.5,2.5,2.5,2.5,2.5,0.0,0.49999999999999994,-0.8660254037844387,0,1,0,0,2029,5
2029-06-01,2.5,2.5,2.5,2.5,2.5,2.5,2.5,2.5,2.5,0.0,1.2246467991473532e-16,-1.0,0,0,0,0,2029,6
2029-07-01,2.5,2.5,2.5,2.5,2.5,2.5,2.5,2.5,2.5,0.0,-0.4999999999999997,-0.8660254037844388,0,0,0,0,2029,7
2029-08-01,2.5,2.5,2.5,2.5,2.5,2.5,2.5,2.5,2.5,0.0,-0.8660254037844384,-0.5000000000000004,0,0,0,1,2029,8
2029-09-01,2.5,2.5,2.5,2.5,2.5,2.5,2.5,2.5,2.5,0.0,-1.0,-1.8369701987210297e-16,0,0,0,1,2029,9
2029-10-01,2.5,2.5,2.5,2.5,2.5,2.5,2.5,2.5,2.5,0.0,-0.8660254037844386,0.5000000000000001,0,0,0,0,2029,10
2029-11-01,2.5,2.5,2.5,2.5,2.5,2.5,2.5,2.5,2.5,0.0,-0.5000000000000004,0.8660254037844384,0,0,0,0,2029,11
2029-12-01,2.5,2.5,2.5,2.5,2.5,2.5,2.5,2.5,2.5,0.0,-2.4492935982947064e-16,1.0,0,0,1,0,2029,12
2030-01-01,2.5,2.5,2.5,2.5,2.5,2.5,2.5,2.5,2.5,0.0,0.49999999999999994,0.8660254037844387,0,0,1,0,2030,1
2030-02-01,2.5,2.5,2.5,2.5,2.5,2.5,2.5,2.5,2.5,0.0,0.8660254037844386,0.5000000000000001,0,0,0,1,2030,2
2030-03-01,2.5,2.5,2.5,2.5,2.5,2.5,2.5,2.5,2.5,0.0,1.0,6.123233995736766e-17,1,0,0,1,2030,3
2030-04-01,2.5,2.5,2.5,2.5,2.5,2.5,2.5,2.5,2.5,0.0,0.8660254037844387,-0.4999999999999998,1,1,0,0,2030,4
2030-05-01,2.5,2.5,2.5,2.5,2.5,2.5,2.5,2.5,2.5,0.0,0.49999999999999994,-0.8660254037844387,0,1,0,0,2030,5
2030-06-01,2.5,2.5,2.5,2.5,2.5,2.5,2.5,2.5,2.5,0.0,1.2246467991473532e-16,-1.0,0,0,0,0,2030,6
2030-07-01,2.5,2.5,2.5,2.5,2.5,2.5,2.5,2.5,2.5,0.0,-0.4999999999999997,-0.8660254037844388,0,0,0,0,2030,7
2030-08-01,2.5,2.5,2.5,2.5,2.5,2.5,2.5,2.5,2.5,0.0,-0.8660254037844384,-0.5000000000000004,0,0,0,1,2030,8
2030-09-01,2.5,2.5,2.5,2.5,2.5,2.5,2.5,2.5,2.5,0.0,-1.0,-1.8369701987210297e-16,0,0,0,1,2030,9
2030-10-01,2.5,2.5,2.5,2.5,2.5,2.5,2.5,2.5,2.5,0.0,-0.8660254037844386,0.5000000000000001,0,0,0,0,2030,10
2030-11-01,2.5,2.5,2.5,2.5,2.5,2.5,2.5,2.5,2.5,0.0,-0.5000000000000004,0.8660254037844384,0,0,0,0,2030,11
2030-12-01,2.5,2.5,2.5,2.5,2.5,2.5,2.5,2.5,2.5,0.0,-2.4492935982947064e-16,1.0,0,0,1,0,2030,12
2031-01-01,2.5,2.5,2.5,2.5,2.5,2.5,2.5,2.5,2.5,0.0,0.49999999999999994,0.8660254037844387,0,0,1,0,2031,1
